{"structures": ["structure_0.vasp", "structure_1.vasp", "structure_2.vasp"], "energies": [4.683932514208133, 5.032603803037345, 5.043643024940204], "ts_index": 1}