{"structures": ["structure_0.vasp", "structure_1.vasp", "structure_2.vasp"], "energies": [5.0415338095392315, 5.227110581603565, 5.042361518893893], "ts_index": 1}