{"structures": ["structure_0.vasp", "structure_1.vasp", "structure_2.vasp"], "energies": [8.096878635317758, 8.096465606843635, 5.919971921753662], "ts_index": 1}