{"structures": ["structure_0.vasp", "structure_1.vasp", "structure_2.vasp"], "energies": [8.098571556433896, 8.098175723356581, 5.920041218446533], "ts_index": 1}