{"structures": ["structure_0.vasp", "structure_1.vasp", "structure_2.vasp"], "energies": [4.683970780686234, 5.034312831644005, 5.043871677457838], "ts_index": 1}