{"structures": ["structure_0.vasp", "structure_1.vasp", "structure_2.vasp"], "energies": [5.512082114612791, 5.497781789412992, 5.043928892499142], "ts_index": 1}