{"structures": ["structure_0.vasp", "structure_1.vasp", "structure_2.vasp"], "energies": [5.043083248665049, 5.132774628850864, 5.0433428886232194], "ts_index": 1}