{"structures": ["structure_0.vasp", "structure_1.vasp", "structure_2.vasp"], "energies": [6.361045075588525, 6.347353520527879, 5.908867594148026], "ts_index": 1}