{"structures": ["structure_0.vasp", "structure_1.vasp", "structure_2.vasp"], "energies": [6.3617784176678285, 6.342462494196572, 5.91463935889931], "ts_index": 1}