{"structures": ["structure_0.vasp", "structure_1.vasp", "structure_2.vasp"], "energies": [5.0440437594354695, 5.144011303783225, 5.044041673327525], "ts_index": 1}