{"structures": ["structure_0.vasp", "structure_1.vasp", "structure_2.vasp"], "energies": [5.911413235289997, 5.8857254839696616, 5.041853405974255], "ts_index": 1}