{"structures": ["structure_0.vasp", "structure_1.vasp", "structure_2.vasp"], "energies": [4.684737017233764, 5.042347268700312, 5.037361353360701], "ts_index": 1}