{"structures": ["structure_0.vasp", "structure_1.vasp", "structure_2.vasp"], "energies": [5.043715845286936, 5.033023279155811, 4.683913333390998], "ts_index": 1}