{"structures": ["structure_0.vasp", "structure_1.vasp", "structure_2.vasp"], "energies": [6.362177253182853, 6.345400859226777, 5.044057991516281], "ts_index": 1}