{"structures": ["structure_0.vasp", "structure_1.vasp", "structure_2.vasp"], "energies": [5.043764651037218, 5.02892889053869, 4.683934772781537], "ts_index": 1}