{"structures": ["structure_0.vasp", "structure_1.vasp", "structure_2.vasp"], "energies": [5.918944660803664, 8.097546082539303, 8.098451140253811], "ts_index": 1}