{"structures": ["structure_0.vasp", "structure_1.vasp", "structure_2.vasp"], "energies": [5.043991906921919, 5.0260549789689595, 4.683933711195314], "ts_index": 1}