{"structures": ["structure_0.vasp", "structure_1.vasp", "structure_2.vasp"], "energies": [5.042088024722961, 5.190963973459708, 5.041953200034866], "ts_index": 1}