{"structures": ["structure_0.vasp", "structure_1.vasp", "structure_2.vasp"], "energies": [5.91943651950046, 5.904908966065223, 5.5092855118157615], "ts_index": 1}