{"structures": ["structure_0.vasp", "structure_1.vasp", "structure_2.vasp"], "energies": [5.9197119879208255, 8.097584465451575, 8.098031461287762], "ts_index": 1}