{"structures": ["structure_0.vasp", "structure_1.vasp", "structure_2.vasp"], "energies": [5.043714389718977, 5.219031874671009, 5.044060214756934], "ts_index": 1}