{"structures": ["structure_0.vasp", "structure_1.vasp", "structure_2.vasp"], "energies": [5.038540045042892, 5.507126748892789, 5.507086426339045], "ts_index": 1}