{"structures": ["structure_0.vasp", "structure_1.vasp", "structure_2.vasp"], "energies": [5.502121452508647, 5.912375745570602, 5.9194039798335965], "ts_index": 1}