{"structures": ["structure_0.vasp", "structure_1.vasp", "structure_2.vasp"], "energies": [5.043230942622399, 5.034167157301504, 4.683899674963024], "ts_index": 1}