{"structures": ["structure_0.vasp", "structure_1.vasp", "structure_2.vasp"], "energies": [4.684056661900717, 5.03260551059863, 5.04366732981951], "ts_index": 1}