{"structures": ["structure_0.vasp", "structure_1.vasp", "structure_2.vasp"], "energies": [5.915131882119301, 8.097276384061242, 8.098650666593727], "ts_index": 1}