{"structures": ["structure_0.vasp", "structure_1.vasp", "structure_2.vasp"], "energies": [5.041052996237367, 5.217496203504712, 5.041093807122987], "ts_index": 1}