{"structures": ["structure_0.vasp", "structure_1.vasp", "structure_2.vasp"], "energies": [5.881485729979728, 6.34764567482083, 6.36274851774398], "ts_index": 1}