{"structures": ["structure_0.vasp", "structure_1.vasp", "structure_2.vasp"], "energies": [5.043409237970046, 5.032706190077138, 4.684015963857009], "ts_index": 1}