{"structures": ["structure_0.vasp", "structure_1.vasp", "structure_2.vasp"], "energies": [5.0431654272722835, 5.9138034957994545, 5.918496083170403], "ts_index": 1}