{"structures": ["structure_0.vasp", "structure_1.vasp", "structure_2.vasp"], "energies": [5.916576083987376, 6.035929057489835, 5.914308130623823], "ts_index": 1}