{"structures": ["structure_0.vasp", "structure_1.vasp", "structure_2.vasp"], "energies": [5.913555406403493, 6.3599807497430465, 6.362754900843897], "ts_index": 1}