{"structures": ["structure_0.vasp", "structure_1.vasp", "structure_2.vasp"], "energies": [5.041590841248777, 5.502984754031727, 5.511631064563537], "ts_index": 1}