{"structures": ["structure_0.vasp", "structure_1.vasp", "structure_2.vasp"], "energies": [6.362027843865435, 6.341984024121581, 4.6839299673605375], "ts_index": 1}