{"structures": ["structure_0.vasp", "structure_1.vasp", "structure_2.vasp"], "energies": [5.043996795285665, 5.906270465596456, 5.919417513097175], "ts_index": 1}