{"structures": ["structure_0.vasp", "structure_1.vasp", "structure_2.vasp"], "energies": [8.092900990883683, 8.094432774755388, 5.919703990266763], "ts_index": 1}