{"structures": ["structure_0.vasp", "structure_1.vasp", "structure_2.vasp"], "energies": [8.098485969324384, 8.098154200547215, 5.91964526698616], "ts_index": 1}