{"structures": ["structure_0.vasp", "structure_1.vasp", "structure_2.vasp"], "energies": [8.095592331883697, 8.096204066413774, 5.9197237224678245], "ts_index": 1}