{"structures": ["structure_0.vasp", "structure_1.vasp", "structure_2.vasp"], "energies": [8.097243259096317, 8.097093805323006, 5.9197437531099215], "ts_index": 1}