{"structures": ["structure_0.vasp", "structure_1.vasp", "structure_2.vasp"], "energies": [5.9199703393134495, 6.338474131881189, 6.360794813263114], "ts_index": 1}